name,city,age,py-score,js-score,total
Xavier,Mexico City,41,88.0,71.0,80.71428571428572
Ann,Toronto,28,79.0,95.0,85.85714285714286
Jana,Prague,33,81.0,88.0,84.0
Yi,Shanghai,34,80.0,79.0,79.57142857142858
Robin,Manchester,38,68.0,91.0,77.85714285714286
Amal,Cairo,31,61.0,91.0,73.85714285714286
Nori,Osaka,37,84.0,80.0,82.28571428571429
